"Title","Company","Location","Link"
"Ressource-/behandlingspædagog til Frederiksværk skoles inkluderende dagbehandling","Halsnæs Kommune","Frederiksværk","https://halsnaes.career.emply.com/ad/ressource-behandlingspaedagog-til-frederiksvaerk-skoles-inkluderende-dagbehandling/ts2dh7/da"
"Pædagog til SFO","Halsnæs Kommune","Frederiksværk","https://halsnaes.career.emply.com/ad/paedagog-til-sfo/pm7t9r/da"
"Skov- og Naturteknikerelev til Naturstyrelsen Søhøjlandet","Naturstyrelsen","Silkeborg","https://candidate.hr-manager.net/ApplicationInit.aspx?cid=5001&ProjectId=185427&DepartmentId=6163&MediaId=3639"
"Fysioterapeut til barselsvikariat på Frederiksberg Sundhedscenter","Frederiksberg Kommune","Frederiksberg","https://frederiksberg.career.emply.com/ad/fysioterapeut-til-barselsvikariat-pa-frederiksberg-sundhedscenter/yms4sh/da"
"Bankrådgiver med fokus på private banking kunder og virksomhedsejere","Jyske Bank","Kongens Lyngby, Farum eller Søborg","https://www.jyskebank.dk/karriere/job/jobopslag?id=190595"
"Regnskabsansvarlig","Nordic Medicare A/S","Rungsted Kyst","https://www.jobindex.dk/jobannonce/h1519243/regnskabsansvarlig"
"Medarbejdende værkfører","Super Dæk Service","Sønderborg","https://www.jobindex.dk/jobannonce/h1519234/medarbejdende-vaerkfoerer"
"R&D Engineer for Engine Aftertreatment","MAN Energy Solutions","Copenhagen","https://candidate.hr-manager.net/ApplicationInit.aspx?cid=1877&ProjectId=145423&DepartmentId=19149&MediaId=4619"
"Serviceminded medarbejder til Verisures Kontrolcentral","Verisure","Glostrup","https://careers.verisure.com/dk/da/job/r2023010773/Serviceminded-medarbejder-til-Verisures-Kontrolcentral"
"Studentermedhjælper til Operations","Netcompany A/S","København eller Aalborg","https://smrtr.io/pccwn"
"Software PO","FOSS","Hillerød","https://www.jobindex.dk/jobannonce/h1519205/software-po"
"Projektingeniør søges!","KK Ventilation ApS","Hørning","https://www.jobindex.dk/jobannonce/h1519197/projektingenioer-soeges"
"Elektriker til BILA Automation","BILA A/S","Nykøbing Mors","https://candidate.hr-manager.net/ApplicationInit.aspx?cid=1523&ProjectId=144251&DepartmentId=18958&MediaId=4614"
"Mekanisk Montør til BILA Automation","BILA A/S","Nykøbing Mors","https://candidate.hr-manager.net/ApplicationInit.aspx?cid=1523&ProjectId=144250&DepartmentId=18958&MediaId=4614"
"Administrativ leder til grundskolen","Marie Kruses Skole","Farum","https://www.jobindex.dk/jobannonce/h1519176/administrativ-leder-til-grundskolen"
"Tilbudschef","Kleven & Partners Rekruttering ApS søger for Jakobsen & Blindkilde en del af NCC","Aulum","https://candidate.hr-manager.net/ApplicationInit.aspx?cid=1262&ProjectId=143964&DepartmentId=19100&MediaId=4617"
"Kalkulatør/Tilbudsleder/Beregner til NCC i Nørresundby","NCC Danmark","Tåstrup","https://www.ncc.dk/arbejd-hos-ncc/ledige-job/job2/35e8a7a9-5811-4e31-b64e-198672285b6e/Kalkulat-r-Tilbudsleder-Beregner_til_NCC_i_N-rresundby"
"Personlift- eller truckmekaniker søges","CITY LIFT A/S","Taastrup","https://www.jobindex.dk/jobannonce/h1519164/personlift-eller-truckmekaniker-soeges"
"Lastvognschauffør & alsidig medarbejder søges","CITY LIFT A/S","Virum","https://www.jobindex.dk/jobannonce/h1519162/lastvognschauffoer-alsidig-medarbejder-soeges"
"Er du pædagog og brænder for børns udvikling, så er du er den, vi søger","Børnehuset Grønnevej",NA,"https://www.jobindex.dk/jobannonce/h1519148/er-du-paedagog-og-braender-for-boerns-udvikling-saa-er-du-er-den-vi-soeger"
"Indretningskonsulent til Designa Bornholm","DESIGNA","Rønne","https://www.jobindex.dk/jobannonce/h1519143/indretningskonsulent-til-designa-bornholm"
"Har du mod på en spændende udfordring? Bliv Sikringstekniker hos ambitiøs sikringsvirksomhed i vækst!","Lehman Partners søger for CamVision A/S","Herlev","https://www.jobindex.dk/jobannonce/h1519137/har-du-mod-paa-en-spaendende-udfordring-bliv-sikringstekniker-hos-ambitioes-sikringsvirksomhed-i-vaekst"
"Scandi Supply a/s søger en flink, nørdet og driftssikker produktchef","Scandi Supply a/s","Vissenbjerg","https://www.jobindex.dk/img/pdf/scandisupply_produktchef.pdf"
"Forretningsudvikler / Projektleder med digitalt og kommercielt mindset","Fleggaard Leasing A/S","Padborg","https://candidate.hr-manager.net/ApplicationInit.aspx?cid=1192&ProjectId=145218&DepartmentId=18962&MediaId=4660"
"Group Accounting & Reporting Manager","hummel","Aarhus C","https://www.jobindex.dk/jobannonce/h1519118/group-accounting-reporting-manager"
"Fagspecialist til varmeværker","FORS A/S","Roskilde","https://candidate.hr-manager.net/ApplicationInit.aspx?cid=1654&ProjectId=143725&DepartmentId=18956&MediaId=4618"
"Senior Talent Management & Development Lead","Nuuday","Copenhagen","https://tdc.csod.com/ux/ats/careersite/17/home/requisition/9349?c=tdc"
"Business Controller","Kalundborg Forsyning A/S","Kalundborg","https://candidate.hr-manager.net/ApplicationInit.aspx?cid=2744&ProjectId=143636&DepartmentId=18982&MediaId=4631"
"Psykologer og certificerede familierådgivere","Prescriba A/S","København K","https://www.jobindex.dk/jobannonce/h1519054/psykologer-og-certificerede-familieraadgivere"
"Regional Salgschef Sjælland","Würth Danmark A/S","Ishøj","https://wuerth.career.emply.com/ad/regional-salgschef-sjaelland/f7oqwp/da"
"Bliv vores nye Privatrådgiver i Spar Nord Haderslev – Hele byens bank","Spar Nord Bank A/S","Taastrup","https://candidate.hr-manager.net/ApplicationInit.aspx?cid=1148&ProjectId=145088&DepartmentId=19176&MediaId=59"
"Visionær aktuar/fysiker/matematiker","Jobindex søger for Solvencytool ApS","Bjerringbro","https://www.jobindex.dk/jobannonce/h1518991/visionaer-aktuar-fysiker-matematiker"
"Application Specialist - SAP SCM Planning","Grundfos A/S","København K","https://jobs.grundfos.com/job/Application-Specialist-SAP-SCM-Planning/70543-en_GB"
"Vil du være med til at bygge fremtidens forsvar?","Forsvaret","Copenhagen","https://karriere.forsvaret.dk/job/opslag/?vacantPositionId=193922&mediaId=4692"
"Sales Support Officer (temporary)","DLL","Hinnerup, Viborg, Horsens, Vissenbjerg og Aars","https://www.workingatdllgroup.com/en/Vacancy?id=5601189989394626B6423EB1EB3D11F8"
"Revisorassistent","Velas","Esbjerg Ø","https://velas.dk/ledige-stillinger/revisorassistent-2/"
"Student Assistant Automation & Digitalization Execution","ANDRITZ Feed & Biofuel A/S","Esbjerg Ø","https://careers.andritz.com/andritz/job/Esbjerg-Student-Assistant-Automation-&-Digitalization-Execution-Sout/808362102/"
"HR Business Partner","ANDRITZ Feed & Biofuel A/S","København K","https://careers.andritz.com/andritz/job/Esbjerg-HR-Business-Partner-Sout/808360402/"
"Kommunikationskonsulent til GymDanmark","Danmarks Gymnastik Forbund",NA,"https://www.jobindex.dk/jobannonce/h1518946/kommunikationskonsulent-til-gymdanmark"
"Business Controller til Grundejernes Investeringsfond (GI)","Grundejernes Investeringsfond",NA,"https://www.jobindex.dk/jobannonce/h1518928/business-controller-til-grundejernes-investeringsfond-gi"
"Regnskabsansvarlig søges","Elvstrøm Sails A/S","Aabenraa","https://www.jobindex.dk/img/pdf/elv_jobopslag_regnskabsansvarlig.pdf"
"Gurreparkens Børnehus opnormerer: To engagerede børnehavepædagoger søges til vores lille, private institution","Gurreparkens Børnehus","Helsingør","https://www.jobindex.dk/jobannonce/h1518877/to-engagerede-boernehavepaedagoger-paa-32-timer-soeges-til-vores-lille-private-institution"
"Faglig stærk leder til Afgifter i Næstved","Skattestyrelsen","Randers SØ","https://candidate.hr-manager.net/ApplicationInit.aspx?cid=5001&ProjectId=184755&DepartmentId=9408&MediaId=3191"
"Vi søger erfarne og dygtige klejnsmede til værkstedsarbejde","Uni-Tek A/S","Copenhagen","https://www.jobindex.dk/jobannonce/h1518794/vi-soeger-erfarne-og-dygtige-klejnsmede-til-vaerkstedsarbejde"
"Key Account Manager Social/Canteens","Unilever Danmark A/S","Farum","https://careers.unilever.com/job/copenhagen/key-account-manager-social-canteens/34155/73585557840"
"Allround bogholder","Sæther Nordic A/S","Struer","https://saether.career.emply.com/ad/allround-bogholder-til-saether-nordic-group/b8nzoe/en"
"Tilbudsberegner til Nedbrydning og Sanering i Vestjylland","Hvidberg A/S","Ballerup","https://www.jobindex.dk/jobannonce/h1518579/tilbudsberegner-til-nedbrydning-og-sanering-i-vestjylland"
"To AI-udviklere søges til vores voksende AI team","DBC DIGITAL A/S","Randers SØ","https://dbc.career.emply.com/ad/to-ai-udviklere-soges-til-vores-voksende-ai-team/6wdtf6/da"
"Autolakerer/Industrilakerer","EXOLAK Industrilakering Randers A/S","Sønderborg","https://www.jobindex.dk/jobannonce/h1512019/autolakerer-industrilakerer"
"Projektleder til innovative HVAC&R løsninger","PULS Human Relations søger for BITZER Electronics A/S","Risskov, Aalborg eller Fredericia","https://bitzerelectronics.career.emply.com/ad/projektleder-til-innovative-hvacr-losninger/xfkkdh/da"
"Projektleder, Fyn eller Trekantsområdet","MT Højgaard Danmark A/S","Bjerringbro","https://mthgroup.csod.com/ats/careersite/JobDetails.aspx?site=11&id=1258"
"Lead Software Developer","Grundfos A/S","Ørbæk","https://jobs.grundfos.com/job/Lead-Software-Developer/69250-en_GB"
"Mekaniker/hjælpeværkfører","Ørbæk Autogenbrug ApS","København S","https://www.jobindex.dk/jobannonce/h1511661/mekaniker-hjaelpevaerkfoerer"
"VA-salgskonsulent til regnvandshåndtering","Rehau A/S","Frederiksberg C","https://www.jobindex.dk/jobannonce/h1511628/va-salgskonsulent-til-regnvandshaandtering"
"Ejendomsleder med naturlig autoritet til Øresundskollegiet / Sofiegården","Øresundskollegiet","Brøndby","https://www.jobindex.dk/jobannonce/h1511036/ejendomsleder-med-naturlig-autoritet-til-oeresundskollegiet-sofiegaarden"
"Autoriseret el-installatør med ambitioner","Enstall Power A/S","Copenhagen","https://www.jobindex.dk/jobannonce/h1510552/autoriseret-el-installatoer-med-ambitioner"
"Chauffører","Jh Transport & Logistics A/S","Lemvig","https://www.jobindex.dk/jobannonce/h1504699/chauffoerer"
"14 postdoctoral fellowships to the BRIDGE – Translational Excellence Programme","Københavns Universitet",NA,"https://candidate.hr-manager.net/ApplicationInit.aspx?cid=1307&ProjectId=162637&DepartmentId=18999&MediaId=4621"
"Økonomi- og administrationsmedarbejder","Career søger for Perma Ejendomme A/S",NA,"https://career.jks.dk/Default.aspx?ID=56912"
"Plant Supervisor til Unicons fabrikker i Sydjylland","Unicon A/S",NA,"https://unicondk.easycruit.com/intranet/unicondk/vacancy/3432445/130135?iso=dkjobindex&iso=dk/"
"Bliv fundraiser - gør en forskel for verdens børn","UNICEF Danmark","København","https://www.jobindex.dk/jobannonce/reportage/1696/bliv-fundraiser-goer-en-forskel-for-verdens-boern"
"Engageret projektleder til funderingsdivisionen","Arkil A/S","Greve","https://arkil.career.emply.com/ad/arkil-soger-en-engageret-projektleder-til-funderingsdivisionen-i-greve/zrhysa/da"
"Projektleder til indvinding af drikkevand","Novafos A/S","Birkerød","https://novafos.dk/karriere/ledige-stillinger/projektleder-til-indvinding-drikkevand"
"Quality Assurance Engineer for our production facility","Terma A/S","Lystrup","https://www.terma.com/working-at-terma/apply-for-a-job/open-positions/?hr=show-job/222230&linkref=249095&locale=en_US"
"MQ Tekniker/Systemprogrammør","JN Data A/S","Silkeborg","https://jndata-career.talent-soft.com/job/job-mq-tekniker-systemprogramm-r_366.aspx"
"Compliance Coordinator på Mainframe-platformen","JN Data A/S","Silkeborg eller Roskilde","https://jndata-career.talent-soft.com/job/job-compliance-coordinator-pa-mainframe-platformen_365.aspx"
"Sales Coordinator","Gabriel A/S","Aalborg","https://candidate.hr-manager.net/ApplicationInit.aspx?cid=1702&ProjectId=143770&DepartmentId=18980&MediaId=4616"
"Bliv kunderådgiver i filialen i Kalundborg","Sparekassen Sjælland-Fyn A/S","Vejle","https://www.spks.dk/om/job/stillinger/1886-bliv-kunderaadgiver-i-sparekassen-sjaelland-fyns-filial-i-kalundborg"
"Intern Tekniker med el-teknisk baggrund søges til dynamisk handels- og ingeniørvirksomhed","Lund & Sørensen A/S","Rødovre","https://www.jobindex.dk/jobannonce/h1518914/intern-tekniker-med-el-teknisk-baggrund-soeges-til-dynamisk-handels-og-ingenioervirksomhed"
"Operatører - industriservice","OMØ A/S","Hillerød","https://www.jobindex.dk/jobannonce/h1518911/operatoerer-industriservice"
"Logistics Process Specialist in Global Logistics","FOSS","Rudkøbing","https://www.jobindex.dk/jobannonce/h1518881/logistics-process-specialist-in-global-logistics"
"Driftschef – Vand og Spildevand","Langeland Forsyning A/S","Kongens Lyngby","https://www.jobindex.dk/jobannonce/h1518874/driftschef-vand-og-spildevand"
"Chief/Lead Security Engineer","Jyske Bank","Galten","https://www.jyskebank.dk/karriere/job/jobopslag?id=190593"
"Salgs- og marketingassistent – til et job med karriereudviklingsmuligheder","Unipak A/S","Vejen","https://www.jobindex.dk/jobannonce/h1518851/salgs-og-marketingassistent-til-et-job-med-karriereudviklingsmuligheder"
"Revisor til RSM Fredericia","RSM Danmark","Glostrup","https://www.rsm.global/denmark/da/ledige-stillinger?hr=show-job%2F225648%26locale%3Dda_DK"
"Erhvervsdirektør til Område Sønderjylland i Aabenraa","Sydbank","Søborg","https://sydbank-career.talent-soft.com/job/job-erhvervsdirekt-r-til-omrade-s-nderjylland-i-aabenraa_3300.aspx"
"Forretningsudvikler til Syd fund Management i Aabenraa","Sydbank",NA,"https://sydbank-career.talent-soft.com/job/job-forretningsudvikler-til-syd-fund-management-i-aabenraa_3299.aspx"
"Mobilitetskonsulent","Sydtrafik",NA,"https://app.jobmatchprofile.com/5fc73c"
"Vedligeholdelsestekniker til turbineanlæg","Vestforbrænding",NA,"https://vestfor.dk/om-os/job?canvas=%2Fjobs%3Fid%3D261124_1"
"Commercial Manager til NCC Building","NCC Danmark",NA,"https://www.ncc.dk/arbejd-hos-ncc/ledige-job/job2/773be993-c952-4005-b23a-68bedc24f43b/Commercial_Manager_til_NCC_Building"
"Har du erfaring med ledelse og sans for drift og udvikling?","Trafikstyrelsen","Vejle","https://candidate.hr-manager.net/ApplicationInit.aspx?cid=5001&ProjectId=184760&DepartmentId=9143&MediaId=5"
"Technical Support Operator","Vestas Wind Systems A/S","Aarhus N, Videbæk or Esbjerg","https://careers.vestas.com/job/Aarhus-N-Technical-Support-Operator-Regi/1133883301/"
"Prototyping Technician","Vestas Wind Systems A/S","Videbæk","https://careers.vestas.com/job/Videb%C3%A6k-Prototyping-Technician-Regi/1145153901/"
"Industrislagter Udbening","DANISH CROWN A/S","Sønderborg","https://jobs.danishcrown.com/job/Blans%2C-S%C3%B8nderborg-Industrislagter-Udbening-6400/1145603401/"
"Specialist, fjernkøl","Kalundborg Forsyning A/S","Kalundborg","https://candidate.hr-manager.net/ApplicationInit.aspx?cid=2744&ProjectId=143635&DepartmentId=18981&MediaId=4631"
"Bygningskonstruktør til modellering af ventilation","airteam a/s","Odense SØ","https://app.jobmatchprofile.com/67edgm?client=jobindex"
"Ejendomsmægler søges til danbolig Værløse","db Værløse I/S","Hvidovre","https://www.jobindex.dk/jobannonce/h1518738/ejendomsmaegler-soeges-til-danbolig-vaerloese"
"Disponent til Kontinent-trafik","Schenker A/S","Silkeborg, Ikast","https://candidate.hr-manager.net/ApplicationInit.aspx?cid=1187&ProjectId=143898&DepartmentId=18956&MediaId=59"
"Klejnsmede/rustfri klejnsmede søges til installationsarbejde","Dansk Procesmontage A/S","Køge","https://www.jobindex.dk/jobannonce/h1518730/klejnsmede-rustfri-klejnsmede-soeges-til-installationsarbejde"
"Driftsassistent til nyt procesanlæg","Daka Denmark A/S","Hinnerup, Horsens eller Vissenbjerg","http://www.daka.dk/karriere/daka-annoncetekst/?VID=25-11-2024"
"Revisorassistent","Velas","Herning","https://velas.dk/ledige-stillinger/revisorassistent-4/"
"Vil du sælge biler? Bliv salgstrainee hos Bjarne Nielsen i Herning","Bjarne Nielsen A/S","Aalborg Øst","https://candidate.hr-manager.net/ApplicationInit.aspx?cid=1293&ProjectId=144194&DepartmentId=19010&MediaId=4616"
"Produktionsleder/-chef til tømrerarbejder","NCC Danmark","Ballerup","https://www.ncc.dk/arbejd-hos-ncc/ledige-job/job2/78802394-59df-4345-866f-e86b47bd6cf0/Produktionsleder--chef_til_t-mrerarbejder_til_NCC_i_Aalborg"
"Vil du være med til at udvikle fremtidens uddannelser i Forsvaret?","Forsvaret","Næstved","https://karriere.forsvaret.dk/job/opslag/?vacantPositionId=193893&mediaId=4681"
"Accounting Assistant søges til 12. måneders barselsvikariat","NOVENCO Building & Industry A/S","Aalborg","https://www.jobindex.dk/jobannonce/h1518688/accounting-assistant-soeges-til-12-maaneders-barselsvikariat"
"Softwareingeniør til Strukturel Vingetest Facilitet","Blade Test Centre A/S (BLAEST)","Svenstrup","https://www.jobindex.dk/jobannonce/h1518683/softwareingenioer-til-strukturel-vingetest-facilitet"
"Automation Engineer, Remote Assistance","Körber Supply Chain DK A/S","Bjerringbro","https://jobs.koerber.com/supplychain/job/Svenstrup-Automation-Engineer%2C-Remote-Assistance/1080273801/"
"CSSC FrontLine Specialist","Grundfos A/S","Næstved","https://jobs.grundfos.com/job/CSSC-FrontLine-Specialist/72125-en_GB"
"YouSee søger kunderådgivere til vores kundecenter i Aarhus","YouSee",NA,"https://www.yousee.dk/kundeservicejob"
"Strategisk indkøber til innovativt miljø med betydeligt udviklingspotentiale i stillingen","NOVENCO Building & Industry A/S",NA,"https://www.jobindex.dk/jobannonce/h1518657/strategisk-indkoeber-til-innovativt-miljoe-med-betydeligt-udviklingspotentiale-i-stillingen"
"CNC-operatør/industritekniker med kendskab til CNC-bearbejdning/-fræsning","Jobindex søger for Carmi A/S","Kokkedal","https://www.jobindex.dk/jobannonce/h1518649/cnc-operatoer-industritekniker-med-kendskab-til-cnc-bearbejdning-fraesning"
"Debitor bogholder","Sæther Nordic A/S","Farum","https://saether.career.emply.com/ad/debitor-bogholder-til-saether-nordic-group/9sedbz/en"
"Målrettet sælger til rustfri befæstelse","Wasi","Kolding","https://www.jobindex.dk/img/pdf/job_saelger_241126.pdf"
"Group Financial Controller","Sæther Nordic A/S","Farum","https://saether.career.emply.com/ad/group-financial-controller-til-saether-group/9udqvn/en"
"Mekaniker","Super Dæk Service","Sønderborg","https://sds.career.emply.com/ad/mekaniker-soges-til-super-daek-service-sonderborg/z0lp0f/da"
"Bliv trafikleder i Banedanmark","Banedanmark","København, Roskilde og Fredericia","https://candidate.hr-manager.net/ApplicationInit.aspx?cid=179&ProjectId=193583&DepartmentId=22319&MediaId=5553"
"IT-infrastruktur ansvarlig til styring og dokumentation af Lyngby-Taarbæk Forsynings IT-landskab","Lyngby-Taarbæk Forsyning A/S","Kongens Lyngby","https://candidate.hr-manager.net/ApplicationInit.aspx?cid=1565&ProjectId=144694&DepartmentId=18956&MediaId=4614"
"AOF søger FVU-undervisere til undervisning i digital og engelsk i København","AOF Center Storkøbenhavn","København K","https://www.jobindex.dk/jobannonce/h1518590/aof-soeger-fvu-undervisere-til-undervisning-i-digital-og-engelsk-i-koebenhavn"
"Tømrere søges","Køge Hospital Project Team I/S","Køge","https://itinera.easycruit.com/vacancy/3432275/173191?iso=dk"
"Fransktalende Salgskoordinator til international virksomhed","1423 ApS","Ringe","https://www.jobindex.dk/jobannonce/h1518525/fransktalende-intern-salgskoordinator-fuld-eller-deltid-til-mindre-international-virksomhed"
"Kirketjener","Hundige-Kildebrønde Sogn","Greve","https://www.jobindex.dk/jobannonce/h1518513/kirketjener"
"Bygge- og projektleder til større, prestigefyldte byggeprojekter","MI Support A/S","Viborg","https://misupport.career.emply.com/da/ad/bygge-og-projektleder/40c2nb"
"Sikkerhedskoordinator (B) til større, prestigefyldte byggeprojekter","MI Support A/S","Nakskov","https://misupport.career.emply.com/da/ad/sikkerhedskoordinator-b/63yj00"
"Detaljeorienteret bogholder/regnskabsansvarlig","Exolak Industrilakering Viborg A/S","Nykøbing M","https://www.jobindex.dk/jobannonce/h1518415/detaljeorienteret-bogholder-regnskabsansvarlig"
"Produktudvikler – Skab fremtidens fødevarer hos Crispy Food","Jobindex søger for Crispy Food A/S","Brøndby","https://www.jobindex.dk/jobannonce/h1518375/produktudvikler-skab-fremtidens-foedevarer-hos-crispy-food"
"Technical Operation Manager til vækstvirksomhed","BILA A/S","Tørring","https://candidate.hr-manager.net/ApplicationInit.aspx?cid=1523&ProjectId=144248&DepartmentId=18956&MediaId=4614"
"Ingeniør til Metrologi","FORCE Technology","Viborg","https://www.jobindex.dk/jobannonce/h1511720/ingenioer-til-metrologi"
"Sales Representative","PULS Human Relations recruiting on behalf of W. Domino A/S","Randers","https://puls-hr.emply.net/recruitment/vacancyAd.aspx?publishingId=da9b2aa3-a7d8-4cd2-b13c-14bb9aad307c"
"Erhvervsrådgiver med  drive og ambitioner","Hvidbjerg Bank",NA,"https://www.jobindex.dk/img/pdf/hvidbjergbank_erhvervsraadgiver__erhvervsrdg_viborg.pdf"
"Spildevandsoperatør","Daka Denmark A/S",NA,"http://www.daka.dk/karriere/daka-annoncetekst/?VID=29-10-2024"
"Kundemedarbejder til Support Syddanmark","Sparekassen Danmark","Vejle eller Aarup","https://www.jobindex.dk/jobannonce/h1511616/kundemedarbejder-til-support-syddanmark"
"Presales Consultant søges til førende virksomhed indenfor kreditforsikring til udrulning af banebrydende SaaS-produkt","KAR+CO søger for Coface","København V","https://karplusco.com/jobopslag/job-144118/"
"Medarbejder til Backoffice Fonds","Ringkjøbing Landbobank – Nordjyske Bank","Ringkøbing","https://www.landbobanken.dk/karriere/job/stillinger/2331-medarbejder-til-backoffice-fonds"
"Erfaren driftsassistent","Thy Forsyning","Thisted","https://www.jobindex.dk/jobannonce/h1511181/erfaren-driftsassistent"
"Driftsmedarbejder","Thy Forsyning","Thisted","https://www.jobindex.dk/jobannonce/h1511179/driftsmedarbejder"
"Konsulent til rådgivning og implementering af industriel IT-/Automationsløsninger","Novotek A/S","Glostrup","https://www.jobindex.dk/jobannonce/h1508113/konsulent-til-raadgivning-og-implementering-af-industriel-it-automationsloesninger"
"Senior Software Engineer","Topsoe","Kongens Lyngby","https://jobs.topsoe.com/job/Kgs_-Lyngby-Senior-Software-Engineer/808227802/?feedId=360757Jobindex"
"Head of Sales","Hansen Toft A/S søger for SVANEHØJ Danmark A/S","Svenstrup","https://www.hansentoft.dk/job/8674"
"Portfolio Manager, Partner- og Mæglerorganisationen, Commercial Lines","Tryg Forsikring A/S","Ballerup","https://careers.tryg.com/Tryg/job/Ballerup-Portfolio-Manager%2C-Partner-og-M%C3%A6glerorganisationen%2C-Commercial-Lines/1145062201/?applySourceOverride=Jobindex.dk&utm_campaign=jobindex&utm_source=jobindex"
"Fagligt ambitiøs autoriseret psykolog – terapi med et stærkt lægefagligt udgangspunkt","Privat Psykiatrisk Center ApS","Kongens Lyngby, Høje-Taastrup, Odense, Kolding, Silkeborg, Aarhus eller Aalborg","https://www.jobindex.dk/jobannonce/h1527082/fagligt-ambitioes-autoriseret-psykolog-terapi-med-et-staerkt-laegefagligt-udgangspunkt"
"Maintenance Technician / Vedligeholdelsestekniker","ALK","Hørsholm","https://alkabello.easycruit.com/vacancy/3445663/109565?iso=dk&channel=jobindex"
"Souschef - Fuldtid - Ballerup","Lidl Danmark K/S","Ballerup","https://karriere.lidl.dk/jobs/souschef-fuldtid-balllerup-ballerup-500565"
"Salgskonsulent","Deichmann Planter ApS","Hørsholm","https://www.jobindex.dk/jobannonce/h1527074/salgskonsulent"
"Data Engineer (back-end)","KMD A/S","København, Aarhus eller Aalborg","https://jobs.kmd.net/job/K%C3%B8benhavn-Data-Engineer-%28back-end%29-2100/1154993701/"
"Sengerådgiver","SENG","Holstebro","https://seng.career.emply.com/ad/sengeradgiver-til-butikken-i-holstebro/a3efdm/da"
"Erfaren sundhedsfaglig akademiker til arbejdet med medicintilskud","Lægemiddelstyrelsen","København S","https://candidate.hr-manager.net/ApplicationInit.aspx?cid=5001&ProjectId=185596&DepartmentId=8648&MediaId=5&SkipAdvertisement=False"
"HR Manager - Mibau Stema Group","GML-HR A/S søger for Mibau Stema Danmark A/S.","Aabenraa","https://candidate.hr-manager.net/ApplicationInit.aspx?cid=257&ProjectId=188773&DepartmentId=22164&MediaId=59"
"Aunsbjerg i Kolding søger økonomimedarbejder med speciale i fakturering","Aunsbjerg A/S","Kolding","https://AunsbjergKoldingAS.reqruiting.com/job.aspx?id=22375"
"Analytisk og skarp sagsbehandler til enheden for Særlig Kontrol","Ministeriet for Grøn Trepart","Augustenborg","https://candidate.hr-manager.net/ApplicationInit.aspx?cid=5001&ProjectId=185537&DepartmentId=7683&MediaId=5"
"Ergoterapeut med erfaring fra hjerneskadeområdet efterlyses","Cervello A/S","Roskilde","https://www.jobindex.dk/jobannonce/h1527042/ergoterapeut-med-erfaring-fra-hjerneskadeomraadet-efterlyses"
"Grafisk designer med passion for kampagne- og konceptudvikling","Kristeligt Dagblad","København K","https://app.recruitio.dk/selection/17kssz3577u8?from=Jobindex"
"Projektleder til Service projekter","Syntegon Technology A/S","Sandved","https://www.jobindex.dk/jobannonce/h1527033/projektleder-til-service-projekter"
"Værkfører/1. mand søges til Super Dæk Service og Bosch Car Service i Odense","Super Dæk Service","Odense SV","https://sds.career.emply.com/ad/vaerkforer-1-mand-soges-til-super-daek-service-og-bosch-car-service-i-odense/jp1mqi"
"Leder til Ejendomme & Byggeri","Vejen Kommune","Vejen","https://vejen.career.emply.com/ad/leder-til-ejendomme-byggeri/1ds6go/da"
"HR-konsulenter til rekrutteringsområdet søges til Kriminalforsorgen Øst","Kriminalforsorgen Øst","København Ø","https://candidate.hr-manager.net/ApplicationInit.aspx?cid=5001&ProjectId=185618&DepartmentId=10413&MediaId=5&SkipAdvertisement=False"
"Erfaren og kompetent økonomiassistent","F. Engel K/S","Haderslev","https://www.jobindex.dk/jobannonce/h1527022/erfaren-og-kompetent-oekonomiassistent"
"Skarp og handlekraftig jurist til enheden for Særlig Kontrol","Ministeriet for Grøn Trepart","Augustenborg","https://candidate.hr-manager.net/ApplicationInit.aspx?cid=5001&ProjectId=185527&DepartmentId=7683&MediaId=5"
"Engageret og struktureret indkøber med flair for IT søges","Karlsvognen","Gadstrup","https://www.jobindex.dk/jobannonce/h1527016/engageret-og-struktureret-indkoeber-med-flair-for-it-soeges"
"Forsyningsmester (Utility manager)","Daka Denmark A/S","Randers","http://www.daka.dk/karriere/daka-annoncetekst/?VID=23-12-2024"
"Butikskonsulent søges til 3butikken Kolding Storcenter","3","Bjerringbro","https://candidate.hr-manager.net/ApplicationInit.aspx?cid=1328&ProjectId=146035&DepartmentId=18962&MediaId=4620"
"Senior HR Specialist","Grundfos A/S","København S","https://jobs.grundfos.com/job/Senior-HR-Specialist/72292-en_GB"
"Butikskonsulent søges til vores nye 3butik i Herlev","3","Glostrup","https://candidate.hr-manager.net/ApplicationInit.aspx?cid=1328&ProjectId=146034&DepartmentId=19015&MediaId=4620"
"Contract Support","CBRE GWS Denmark ApS","Kalundborg","https://www.jobindex.dk/jobannonce/h1527002/contract-support"
"Administrationselev med interesse for indkøb og salg i København","MAN Energy Solutions","Frederikshavn","https://candidate.hr-manager.net/ApplicationInit.aspx?cid=1877&ProjectId=145473&DepartmentId=19149&MediaId=4619"
"Driftsoperatør til kontrolrummet","Vestforbrænding","København V","https://vestfor.dk/om-os/job?canvas=%2Fjobs%3Fid%3D201224_2"
"Fysioterapeut eller ergoterapeut til PPR","Kalundborg Kommune",NA,"https://kalundborgkommune.hr-on.com/show-job/232268?linkref=257764&locale=da_DK"
"Administrationselev i Frederikshavn","MAN Energy Solutions",NA,"https://candidate.hr-manager.net/ApplicationInit.aspx?cid=1877&ProjectId=145467&DepartmentId=19149&MediaId=4619"
"Shippingelev i København eller Frederikshavn","MAN Energy Solutions",NA,"https://candidate.hr-manager.net/ApplicationInit.aspx?cid=1877&ProjectId=145466&DepartmentId=19149&MediaId=4619"
"Agile Coach til 3 ART’er i Styrelsen for Grøn Arealomlægning og Vandmiljø","Ministeriet for Grøn Trepart",NA,"https://candidate.hr-manager.net/ApplicationInit.aspx?cid=5001&ProjectId=185567&DepartmentId=7683&MediaId=5"
"Administrationselev med fokus på økonomi i København","MAN Energy Solutions",NA,"https://candidate.hr-manager.net/ApplicationInit.aspx?cid=1877&ProjectId=145465&DepartmentId=19149&MediaId=4619"
"Indkøbselev til København eller Frederikshavn","MAN Energy Solutions","København V","https://candidate.hr-manager.net/ApplicationInit.aspx?cid=1877&ProjectId=145464&DepartmentId=19149&MediaId=4619"
"Scrum Master/Team Coach til agilt team i Styrelsen for Grøn Arealomlægning og Vandmiljø","Ministeriet for Grøn Trepart","Køge","https://candidate.hr-manager.net/ApplicationInit.aspx?cid=5001&ProjectId=185546&DepartmentId=7683&MediaId=5"
"Erfaren juridisk konsulent til Køge Kommunes centrale jurateam","Køge Kommune","Kirke Eskilstrup","https://www.koege.dk/om-koege-kommune/job-hos-os/ledige-stillinger?hr=show-job/232381&linkref=257771&locale=da_DK"
"Pædagogisk leder søges til Stestrup Børnegård","Holbæk Kommune","Sorø","https://holbaek.career.emply.com/ad/paedagogisk-leder-soges-til-stestrup-bornegard/c0dtpd/da"
"Vil du være inklusionsvejleder i PPR – og styrke de inkluderende børnefællesskaber?","Kalundborg Kommune","Kalundborg","https://kalundborgkommune.hr-on.com/show-job/232265?linkref=257765&locale=da_DK"
"Konsulenter eller specialkonsulenter til HR i Sekretariatet i Det Nære Sundhedsvæsen","Region Sjælland","København K","https://www.regionsjaelland.dk/job-og-uddannelse/jobside?hr=show-job/47415&linkref=65122&locale=da_DK"
"Projektstilling: Psykolog/ Pædagogisk Psykologisk Konsulent til PPR","Kalundborg Kommune","Odense SV","https://kalundborgkommune.hr-on.com/show-job/232259?linkref=257766&locale=da_DK"
"Projektleder til Forretningsudvikling","Jeudan A/S","Nykøbing F","https://candidate.hr-manager.net/ApplicationInit.aspx?cid=1043&ProjectId=144109&DepartmentId=18957&MediaId=59"
"Lønbogholder/bogholder","Karvil Biler A/S","Copenhagen","https://karvil.easycruit.com/vacancy/3445375/229785?iso=dk"
"Bliv automekaniker hos Lindholm Autoservice og med mulighed for partnerskab","Lindholm Autoservice/Søren Olsen","København S","https://www.jobindex.dk/jobannonce/h1526977/bliv-automekaniker-hos-lindholm-autoservice-og-med-mulighed-for-partnerskab"
"Press and Policy Officer","British Embassy Copenhagen","Nuuk","https://www.jobindex.dk/jobannonce/h1526976/press-and-policy-officer"
"Seniorprojektleder til Spildevand Plan HOFOR","HOFOR","Nørresundby","https://candidate.hr-manager.net/ApplicationInit.aspx?cid=174&ProjectId=183932&DepartmentId=21820&MediaId=59"
"Kundemodtager/Værkførerassistent søges til Super Dæk Service og Bosch Car Service på Odense Havn","Super Dæk Service","København V","https://www.jobindex.dk/jobannonce/h1526973/kundemodtager-vaerkfoererassistent-soeges-til-super-daek-service-og-bosch-car-service-paa-odense-havn"
"HRU søger en til to strategisk orienterede medarbejdere","Grønlands Selvstyre","Copenhagen","https://naalakkersuisut.emply.net/recruitment/vacancyAd.aspx?publishingId=d510c7bd-69a4-456e-a29e-6c08041d8e50"
"Løn- og HR medarbejder","Advanced Industries Packaging A/S","Humlebæk","https://www.jobindex.dk/img/pdf/advancedindustriespackagingjobopslag_hrloen.pdf"
"Dataanalytiker til Team Risikoanalyser","Ministeriet for Grøn Trepart","København V","https://candidate.hr-manager.net/ApplicationInit.aspx?cid=5001&ProjectId=185436&DepartmentId=7683&MediaId=5"
"Consultant/Senior Consultant to ESG Advisory","KPMG P/S",NA,"https://candidate.hr-manager.net/ApplicationInit.aspx?cid=1762&ProjectId=144391&DepartmentId=18986&MediaId=4620"
"Kunstformidler til Louisiana Learning","Louisiana Museum of Modern Art",NA,"https://candidate.hr-manager.net/ApplicationInit.aspx?cid=1630&ProjectId=143715&DepartmentId=18956&MediaId=4619"
"Sælger til brugte entreprenør- og landbrugsmaskiner samt lastbiler i Midt- og Østjylland","Fymas Auctions ApS",NA,"https://www.jobindex.dk/jobannonce/h1526960/saelger-til-brugte-entreprenoer-og-landbrugsmaskiner-samt-lastbiler-i-midt-og-oestjylland"
"Ordningskoordinator med interesse for EU søges til Styrelsen for Grøn Arealomlægning og Vandmiljø","Ministeriet for Grøn Trepart",NA,"https://candidate.hr-manager.net/ApplicationInit.aspx?cid=5001&ProjectId=185593&DepartmentId=7683&MediaId=5"
"SoMe & Content Manager til Nordisk – et globalt outdoor brand","Nordisk Company A/S","Silkeborg","https://www.jobindex.dk/img/pdf/nordisk-some_content_manager.pdf"
"Struktureret og detaljeorienteret økonomiassistent til Danmarks største vinduespoleringsafdeling","Anders Andersen's Rengøring","Taastrup","https://candidate.hr-manager.net/ApplicationInit.aspx?cid=1297&ProjectId=144506&DepartmentId=18956&MediaId=4616"
"Lagermedarbejder med fokus på service og med god energi","Silica ApS","Jyllinge","https://www.jobindex.dk/jobannonce/h1526950/lagermedarbejder-med-fokus-paa-service-og-med-god-energi"
"Digitaliseringskonsulent/projektleder","Stevns Kommune","Store Heddinge","https://stevns.emply.net/recruitment/vacancyAd.aspx?publishingId=ea6a2765-fb83-4d86-a09e-762c64065fa1"
"Produktionssupporter","Vertanical Denmark ApS","Marslev","https://www.jobindex.dk/jobannonce/h1526947/produktionssupporter"
"Konsulent til domstolenes Bedste Praksis-team","Domstolsstyrelsen","Horsens","https://candidate.hr-manager.net/ApplicationInit.aspx?cid=5001&ProjectId=185611&DepartmentId=7135&MediaId=5&SkipAdvertisement=False"
"Uddannelsesdekan for storytelling-, design- og businessuddannelserne","VIA University College","Aarhus N","https://via.career.emply.com/ad/uddannelsesdekan-for-storytelling-design-og-businessuddannelserne/jzc6pk/da"
"Afdelingsdirektør til Realkredit Balancestyring i Jyske Realkredit","Jyske Bank","Kongens Lyngby","https://www.jyskebank.dk/karriere/job/jobopslag?id=190616"
"Økonomistyrelsen søger nye kollegaer til data og udviklingsprojekter på tværs af staten","Økonomistyrelsen","København K","https://candidate.hr-manager.net/ApplicationInit.aspx?cid=3010&ProjectId=143750&DepartmentId=18980&MediaId=4646"
"Application Specialist med fokus på integrationer","Dagrofa ApS","Ringsted","https://candidate.hr-manager.net/ApplicationInit.aspx?cid=2180&ProjectId=147349&DepartmentId=18958&MediaId=4623"
"Industriteknikker til produktionsvirksomhed","PL-VALVES A/S","Middelfart","https://www.jobindex.dk/jobannonce/h1526937/industriteknikker-til-produktionsvirksomhed"
"Engageret servicetekniker / koordinator","Sonnimax A/S","Middelfart","https://www.jobindex.dk/jobannonce/h1526930/engageret-servicetekniker-koordinator"
"Application Specialist til at understøtte Dagrofas kategori- og indkøbsorganisation","Dagrofa ApS","Ringsted","https://candidate.hr-manager.net/ApplicationInit.aspx?cid=2180&ProjectId=147345&DepartmentId=18958&MediaId=4623"
"Business Controller til Netcompanys FP&A team","Netcompany A/S","København K","https://smrtr.io/pktxV"
"Application Specialist med fokus på lagerdrift og WMS","Dagrofa ApS","Ringsted","https://candidate.hr-manager.net/ApplicationInit.aspx?cid=2180&ProjectId=147346&DepartmentId=18958&MediaId=4623"
"MADarbejder til kasse- og kioskområdet i MENY Mågebakken, Odense","Meny","Odense SV","https://candidate.hr-manager.net/ApplicationInit.aspx?cid=2180&ProjectId=147344&DepartmentId=19108&MediaId=4623"
"Maskiningeniør til udviklings- og produktionsvirksomhed","PL-VALVES A/S","Middelfart","https://www.jobindex.dk/jobannonce/h1526924/maskiningenioer-til-udviklings-og-produktionsvirksomhed"
"Fysioterapeut til genoptræningsområdet i Stevns","Stevns Kommune","Hårlev","https://stevns.emply.net/recruitment/vacancyAd.aspx?publishingId=d7f6d607-a0b5-49e3-adff-70080ec0aa60"
"Revenue manager - fuld tid / København (on location)","Movinn A/S","Hørsholm","https://www.jobindex.dk/jobannonce/h1526915/revenue-manager-fuld-tid-koebenhavn-on-location"
"Social- og sundhedsassistent til SRH - de midlertidige pladser","Hørsholm Kommune",NA,"https://candidate.hr-manager.net/ApplicationInit.aspx?cid=1208&ProjectId=146914&DepartmentId=19155&MediaId=4615"
